{ "backgroundcolor":"#000000",
 "height":100,
 "layers":[
        {
         "data":[0, 0, 0, 0, 0, 0, 0, 0, 0, 0, 0, 0, 0, 0, 0, 0, 0, 0, 0, 0, 0, 0, 0, 0, 0, 0, 0, 0, 0, 0, 0, 0, 0, 0, 0, 0, 0, 0, 0, 0, 0, 0, 0, 0, 0, 0, 0, 0, 0, 0, 0, 0, 0, 0, 0, 0, 0, 0, 0, 0, 0, 0, 0, 0, 0, 0, 0, 0, 0, 0, 0, 0, 0, 0, 0, 0, 0, 0, 0, 0, 0, 0, 0, 0, 0, 0, 0, 0, 0, 0, 0, 0, 0, 0, 0, 0, 0, 0, 0, 0, 0, 0, 0, 0, 0, 0, 0, 0, 0, 0, 0, 0, 0, 0, 0, 0, 0, 0, 0, 0, 0, 0, 0, 0, 0, 0, 0, 0, 0, 0, 0, 0, 0, 0, 0, 0, 0, 0, 0, 0, 0, 0, 0, 0, 0, 0, 0, 0, 0, 0, 0, 0, 0, 0, 0, 0, 0, 0, 0, 0, 0, 0, 0, 0, 0, 0, 0, 0, 0, 0, 0, 0, 0, 0, 0, 0, 0, 0, 0, 0, 0, 0, 0, 0, 0, 0, 0, 0, 0, 0, 0, 0, 0, 0, 0, 0, 0, 0, 0, 0, 0, 0, 0, 0, 0, 0, 0, 0, 0, 0, 0, 0, 0, 0, 0, 0, 0, 0, 0, 0, 0, 0, 0, 0, 0, 0, 0, 0, 0, 0, 0, 0, 0, 0, 0, 0, 0, 0, 0, 0, 0, 0, 0, 0, 0, 0, 0, 0, 0, 0, 0, 0, 0, 0, 0, 0, 1, 1, 1, 1, 1, 1, 1, 1, 1, 1, 1, 1, 1, 1, 1, 1, 1, 0, 0, 1, 0, 0, 0, 0, 0, 0, 0, 0, 1, 0, 0, 1, 1, 0, 0, 1, 0, 0, 0, 0, 0, 0, 0, 0, 1, 0, 0, 1, 1, 0, 0, 1, 0, 0, 2, 2, 1, 0, 0, 0, 1, 0, 0, 1, 1, 0, 0, 1, 0, 0, 0, 0, 1, 0, 0, 0, 1, 0, 0, 1, 1, 0, 0, 1, 0, 0, 0, 0, 1, 0, 0, 0, 1, 0, 0, 1, 1, 0, 0, 1, 0, 0, 0, 0, 1, 0, 0, 0, 1, 0, 0, 1, 1, 0, 0, 1, 0, 0, 0, 0, 1, 0, 0, 0, 1, 0, 0, 1, 1, 0, 0, 1, 0, 0, 2, 2, 1, 0, 0, 0, 1, 0, 0, 1, 1, 0, 0, 0, 0, 0, 0, 0, 1, 0, 0, 0, 1, 0, 0, 1, 1, 0, 0, 0, 0, 0, 0, 0, 1, 0, 0, 0, 1, 0, 0, 1, 1, 0, 1, 1, 1, 1, 1, 1, 1, 1, 1, 1, 1, 0, 0, 1, 1, 0, 0, 0, 0, 0, 0, 0, 0, 0, 0, 0, 0, 0, 0, 1, 1, 0, 0, 0, 0, 0, 0, 0, 0, 0, 0, 0, 0, 0, 0, 1, 1, 0, 0, 0, 0, 0, 0, 0, 0, 0, 0, 0, 0, 0, 0, 1, 1, 0, 0, 0, 0, 0, 1, 1, 0, 0, 0, 0, 1, 1, 0, 1, 1, 0, 0, 0, 0, 0, 1, 1, 0, 0, 0, 0, 1, 1, 0, 1, 1, 0, 0, 0, 0, 0, 1, 1, 1, 1, 0, 0, 1, 1, 0, 1, 1, 0, 0, 0, 0, 0, 1, 1, 1, 1, 0, 0, 1, 1, 0, 1, 1, 2, 2, 2, 2, 2, 2, 2, 2, 2, 2, 2, 2, 2, 2, 1, 1, 0, 0, 0, 0, 0, 0, 0, 0, 0, 0, 0, 0, 0, 0, 1, 1, 0, 0, 0, 0, 0, 0, 0, 0, 0, 0, 0, 0, 0, 0, 1, 1, 0, 0, 0, 0, 0, 0, 0, 2, 2, 2, 2, 0, 0, 0, 1, 1, 0, 0, 0, 0, 0, 0, 0, 0, 0, 0, 0, 0, 0, 0, 1, 1, 0, 0, 0, 0, 2, 2, 2, 0, 0, 0, 0, 2, 2, 2, 1, 1, 0, 0, 0, 0, 0, 0, 0, 0, 0, 0, 0, 0, 0, 0, 1, 1, 2, 2, 2, 2, 0, 0, 0, 0, 0, 0, 0, 0, 0, 0, 1, 1, 0, 0, 0, 0, 0, 0, 0, 0, 0, 0, 0, 0, 0, 0, 1, 1, 2, 2, 2, 2, 2, 2, 2, 2, 2, 2, 2, 2, 2, 2, 1, 1, 0, 0, 0, 0, 0, 0, 0, 0, 0, 0, 0, 0, 0, 0, 1, 1, 0, 0, 0, 0, 0, 0, 0, 0, 0, 0, 0, 0, 0, 0, 1, 1, 0, 0, 0, 0, 1, 1, 0, 0, 1, 1, 0, 0, 0, 0, 1, 1, 0, 0, 0, 1, 1, 1, 0, 0, 1, 1, 1, 0, 0, 0, 1, 1, 0, 1, 1, 1, 1, 1, 1, 1, 1, 1, 1, 1, 1, 0, 1, 1, 0, 1, 0, 0, 0, 0, 1, 1, 0, 0, 0, 0, 1, 0, 1, 1, 2, 2, 0, 0, 0, 0, 1, 1, 0, 0, 0, 0, 2, 2, 1, 1, 0, 0, 0, 0, 0, 0, 1, 1, 0, 0, 0, 0, 0, 0, 1, 1, 0, 0, 0, 0, 0, 0, 1, 1, 0, 0, 0, 0, 0, 0, 1, 1, 2, 2, 2, 2, 2, 2, 1, 1, 2, 2, 2, 2, 2, 2, 1, 1, 0, 0, 0, 0, 0, 0, 1, 1, 0, 0, 0, 0, 0, 0, 1, 1, 0, 0, 0, 0, 0, 0, 1, 1, 0, 0, 0, 0, 0, 0, 1, 1, 0, 0, 0, 2, 2, 2, 1, 1, 2, 2, 2, 0, 0, 0, 1, 1, 0, 0, 0, 0, 0, 0, 1, 1, 0, 0, 0, 0, 0, 0, 1, 1, 2, 2, 2, 0, 0, 0, 1, 1, 0, 0, 0, 2, 2, 2, 1, 1, 0, 0, 0, 0, 0, 0, 1, 1, 0, 0, 0, 0, 0, 0, 1, 1, 0, 0, 0, 2, 2, 2, 1, 1, 2, 2, 2, 0, 0, 0, 1, 1, 0, 0, 0, 0, 0, 0, 1, 1, 0, 0, 0, 0, 0, 0, 1, 1, 2, 2, 0, 0, 0, 0, 1, 1, 0, 0, 0, 0, 2, 2, 1, 1, 0, 0, 0, 0, 0, 0, 1, 1, 0, 0, 0, 0, 0, 0, 1, 1, 0, 0, 1, 1, 0, 0, 1, 1, 0, 0, 1, 1, 0, 0, 1, 1, 0, 0, 1, 1, 0, 0, 1, 1, 0, 0, 1, 1, 0, 0, 1, 1, 2, 2, 2, 2, 2, 1, 1, 1, 1, 2, 2, 2, 2, 2, 1, 1, 0, 0, 0, 0, 0, 0, 0, 0, 0, 0, 0, 0, 0, 0, 1, 1, 0, 0, 0, 0, 0, 0, 0, 0, 0, 0, 0, 0, 0, 0, 1, 1, 0, 0, 0, 0, 0, 0, 0, 0, 0, 0, 0, 0, 0, 0, 1, 1, 0, 0, 0, 0, 0, 0, 0, 0, 0, 0, 0, 0, 0, 0, 1, 1, 0, 0, 0, 0, 0, 0, 0, 0, 0, 0, 0, 0, 0, 0, 1, 1, 0, 0, 0, 0, 0, 0, 0, 0, 0, 0, 0, 0, 0, 0, 1, 1, 0, 0, 0, 0, 0, 0, 0, 0, 0, 0, 0, 0, 0, 0, 1, 1, 2, 2, 0, 0, 2, 2, 2, 2, 2, 2, 0, 0, 2, 2, 1, 1, 0, 0, 0, 0, 0, 0, 0, 0, 0, 0, 0, 0, 0, 0, 1, 1, 0, 0, 0, 0, 0, 0, 0, 0, 0, 0, 0, 0, 0, 0, 1, 1, 0, 0, 0, 0, 0, 0, 0, 0, 0, 0, 0, 0, 0, 0, 1, 1, 0, 0, 0, 0, 0, 0, 0, 0, 0, 0, 0, 0, 0, 0, 1, 1, 0, 0, 0, 0, 0, 0, 1, 1, 0, 0, 0, 0, 0, 0, 1, 1, 0, 0, 0, 0, 0, 1, 1, 1, 1, 0, 0, 0, 0, 0, 1, 1, 0, 0, 0, 0, 1, 1, 1, 1, 1, 1, 0, 0, 0, 0, 1, 1, 2, 2, 2, 2, 2, 2, 2, 2, 2, 2, 2, 2, 2, 2, 1, 1, 0, 0, 0, 0, 0, 0, 0, 0, 0, 0, 0, 0, 0, 0, 1, 1, 0, 0, 0, 0, 0, 0, 0, 0, 0, 0, 0, 0, 0, 0, 1, 1, 0, 0, 0, 0, 0, 0, 0, 0, 0, 0, 0, 0, 0, 0, 1, 1, 0, 0, 0, 0, 0, 0, 0, 0, 0, 0, 0, 0, 0, 0, 1, 1, 0, 0, 2, 2, 2, 2, 2, 2, 2, 2, 2, 2, 0, 0, 1, 1, 0, 0, 0, 0, 0, 0, 0, 0, 0, 0, 0, 0, 0, 0, 1, 1, 0, 0, 0, 0, 0, 0, 0, 0, 0, 0, 0, 0, 0, 0, 1, 1, 0, 0, 0, 0, 0, 0, 0, 0, 0, 0, 0, 0, 0, 0, 1, 1, 2, 2, 2, 0, 0, 0, 0, 0, 0, 0, 0, 2, 2, 2, 1, 1, 0, 0, 0, 0, 2, 2, 2, 2, 2, 2, 0, 0, 0, 0, 1, 1, 0, 0, 0, 0, 0, 0, 0, 0, 0, 0, 0, 0, 0, 0, 1, 1, 0, 0, 0, 0, 0, 0, 0, 0, 0, 0, 0, 0, 0, 0, 1, 1, 2, 2, 2, 2, 2, 0, 0, 0, 0, 2, 2, 2, 2, 2, 1, 1, 0, 0, 0, 0, 0, 0, 0, 0, 0, 0, 0, 0, 0, 0, 1, 1, 0, 0, 0, 0, 0, 0, 0, 0, 0, 0, 0, 0, 0, 0, 1, 1, 1, 1, 1, 1, 1, 1, 1, 1, 1, 1, 1, 1, 1, 1, 1],
         "height":100,
         "name":"collision",
         "opacity":1,
         "type":"tilelayer",
         "visible":true,
         "width":16,
         "x":0,
         "y":0
        }, 
        {
         "data":[0, 0, 0, 0, 0, 0, 0, 0, 0, 0, 0, 0, 0, 0, 0, 0, 0, 0, 0, 0, 0, 0, 0, 0, 0, 0, 0, 0, 0, 0, 0, 0, 0, 0, 0, 0, 0, 0, 0, 0, 0, 0, 0, 0, 0, 0, 0, 0, 1, 0, 0, 0, 1, 0, 0, 2, 0, 0, 3, 0, 0, 0, 3, 4, 0, 1, 0, 1, 0, 0, 2, 0, 2, 0, 0, 3, 0, 3, 0, 4, 0, 0, 1, 0, 0, 2, 0, 0, 0, 2, 0, 0, 3, 0, 0, 4, 0, 0, 1, 0, 0, 2, 0, 0, 0, 2, 0, 0, 3, 0, 0, 4, 0, 0, 1, 0, 0, 2, 2, 2, 2, 2, 0, 0, 3, 0, 0, 0, 0, 0, 1, 0, 0, 2, 0, 0, 0, 2, 0, 0, 3, 0, 0, 4, 0, 0, 0, 0, 0, 0, 0, 0, 0, 0, 0, 0, 0, 0, 0, 0, 0, 0, 0, 0, 0, 0, 0, 0, 0, 0, 0, 0, 0, 0, 0, 0, 0, 0, 0, 0, 0, 0, 0, 0, 0, 0, 0, 0, 0, 0, 0, 0, 0, 0, 0, 0, 0, 0, 0, 0, 0, 0, 0, 0, 0, 0, 0, 0, 0, 0, 0, 0, 0, 0, 0, 0, 0, 0, 0, 0, 0, 0, 0, 0, 0, 0, 0, 0, 0, 0, 0, 0, 0, 0, 0, 0, 0, 0, 0, 0, 0, 0, 0, 0, 0, 0, 0, 0, 0, 0, 0, 0, 0, 0, 0, 0, 1, 1, 1, 1, 1, 1, 1, 1, 1, 1, 1, 1, 1, 1, 1, 1, 1, 0, 0, 1, 4, 4, 4, 4, 4, 4, 4, 4, 1, 0, 0, 1, 1, 0, 0, 1, 4, 4, 4, 4, 4, 4, 4, 4, 1, 0, 0, 1, 1, 0, 0, 1, 4, 4, 2, 2, 1, 4, 4, 4, 1, 0, 0, 1, 1, 0, 0, 1, 4, 4, 4, 4, 1, 4, 4, 4, 1, 0, 0, 1, 1, 0, 0, 1, 4, 4, 4, 4, 1, 4, 4, 4, 1, 0, 0, 1, 1, 0, 0, 1, 4, 4, 4, 4, 1, 4, 4, 4, 1, 0, 0, 1, 1, 0, 0, 1, 4, 4, 4, 4, 1, 4, 4, 4, 1, 0, 0, 1, 1, 0, 0, 1, 4, 4, 2, 2, 1, 4, 4, 4, 1, 0, 0, 1, 1, 0, 0, 0, 4, 4, 4, 4, 1, 4, 4, 4, 1, 0, 0, 1, 1, 0, 0, 0, 4, 4, 4, 4, 1, 4, 4, 4, 1, 0, 0, 1, 1, 0, 1, 1, 1, 1, 1, 1, 1, 1, 1, 1, 1, 0, 0, 1, 1, 0, 0, 0, 0, 0, 0, 0, 0, 0, 0, 0, 0, 0, 0, 1, 1, 0, 0, 0, 0, 0, 0, 0, 0, 0, 0, 0, 0, 0, 0, 1, 1, 0, 0, 0, 0, 0, 0, 0, 0, 0, 0, 0, 0, 0, 0, 1, 1, 0, 0, 0, 0, 0, 1, 1, 0, 0, 0, 0, 1, 1, 0, 1, 1, 0, 0, 0, 0, 0, 1, 1, 0, 0, 0, 0, 1, 1, 0, 1, 1, 0, 0, 0, 0, 0, 1, 1, 1, 1, 0, 0, 1, 1, 0, 1, 1, 0, 0, 0, 0, 0, 1, 1, 1, 1, 0, 0, 1, 1, 0, 1, 1, 2, 2, 2, 2, 2, 2, 2, 2, 2, 2, 2, 2, 2, 2, 1, 1, 0, 0, 0, 0, 0, 0, 0, 0, 0, 0, 0, 0, 0, 0, 1, 1, 0, 0, 0, 0, 0, 0, 0, 0, 0, 0, 0, 0, 0, 0, 1, 1, 0, 0, 0, 0, 0, 0, 0, 2, 2, 2, 2, 0, 0, 0, 1, 1, 0, 0, 0, 0, 0, 0, 0, 0, 0, 0, 0, 0, 0, 0, 1, 1, 0, 0, 0, 0, 2, 2, 2, 0, 0, 0, 0, 2, 2, 2, 1, 1, 0, 0, 0, 0, 0, 0, 0, 0, 0, 0, 0, 0, 0, 0, 1, 1, 2, 2, 2, 2, 0, 0, 0, 0, 0, 0, 0, 0, 0, 0, 1, 1, 0, 0, 0, 0, 0, 0, 0, 0, 0, 0, 0, 0, 0, 0, 1, 1, 2, 2, 2, 2, 2, 2, 2, 2, 2, 2, 2, 2, 2, 2, 1, 1, 0, 0, 0, 0, 0, 0, 0, 0, 0, 0, 0, 0, 0, 0, 1, 1, 0, 0, 0, 0, 0, 0, 0, 0, 0, 0, 0, 0, 0, 0, 1, 1, 0, 0, 0, 0, 1, 1, 0, 0, 1, 1, 0, 0, 0, 0, 1, 1, 0, 0, 0, 1, 1, 1, 0, 0, 1, 1, 1, 0, 0, 0, 1, 1, 0, 1, 1, 1, 1, 1, 1, 1, 1, 1, 1, 1, 1, 0, 1, 1, 0, 1, 4, 4, 4, 4, 1, 1, 4, 4, 4, 4, 1, 0, 1, 1, 2, 2, 4, 4, 4, 4, 1, 1, 4, 4, 4, 4, 2, 2, 1, 1, 4, 4, 4, 4, 4, 4, 1, 1, 4, 4, 4, 4, 4, 4, 1, 1, 4, 4, 4, 4, 4, 4, 1, 1, 4, 4, 4, 4, 4, 4, 1, 1, 2, 2, 2, 2, 2, 2, 1, 1, 2, 2, 2, 2, 2, 2, 1, 1, 4, 4, 4, 4, 4, 4, 1, 1, 4, 4, 4, 4, 4, 4, 1, 1, 4, 4, 4, 4, 4, 4, 1, 1, 4, 4, 4, 4, 4, 4, 1, 1, 4, 4, 4, 2, 2, 2, 1, 1, 2, 2, 2, 4, 4, 4, 1, 1, 4, 4, 4, 4, 4, 4, 1, 1, 4, 4, 4, 4, 4, 4, 1, 1, 2, 2, 2, 4, 4, 4, 1, 1, 4, 4, 4, 2, 2, 2, 1, 1, 4, 4, 4, 4, 4, 4, 1, 1, 4, 4, 4, 4, 4, 4, 1, 1, 4, 4, 4, 2, 2, 2, 1, 1, 2, 2, 2, 4, 4, 4, 1, 1, 4, 4, 4, 4, 4, 4, 1, 1, 4, 4, 4, 4, 4, 4, 1, 1, 2, 2, 4, 4, 4, 4, 1, 1, 4, 4, 4, 4, 2, 2, 1, 1, 4, 4, 4, 4, 4, 4, 1, 1, 4, 4, 4, 4, 4, 4, 1, 1, 4, 4, 1, 1, 4, 4, 1, 1, 4, 4, 1, 1, 4, 4, 1, 1, 4, 4, 1, 1, 4, 4, 1, 1, 4, 4, 1, 1, 4, 4, 1, 1, 2, 2, 2, 2, 2, 1, 1, 1, 1, 2, 2, 2, 2, 2, 1, 1, 0, 0, 0, 0, 0, 0, 0, 0, 0, 0, 0, 0, 0, 0, 1, 1, 0, 0, 0, 0, 0, 0, 0, 0, 0, 0, 0, 0, 0, 0, 1, 1, 0, 0, 0, 0, 0, 0, 0, 0, 0, 0, 0, 0, 0, 0, 1, 1, 0, 0, 0, 0, 0, 0, 0, 0, 0, 0, 0, 0, 0, 0, 1, 1, 0, 0, 0, 0, 0, 0, 0, 0, 0, 0, 0, 0, 0, 0, 1, 1, 0, 0, 0, 0, 0, 0, 0, 0, 0, 0, 0, 0, 0, 0, 1, 1, 0, 0, 0, 0, 0, 0, 0, 0, 0, 0, 0, 0, 0, 0, 1, 1, 2, 2, 0, 0, 2, 2, 2, 2, 2, 2, 0, 0, 2, 2, 1, 1, 0, 0, 0, 0, 0, 0, 0, 0, 0, 0, 0, 0, 0, 0, 1, 1, 0, 0, 0, 0, 0, 0, 0, 0, 0, 0, 0, 0, 0, 0, 1, 1, 0, 0, 0, 0, 0, 0, 0, 0, 0, 0, 0, 0, 0, 0, 1, 1, 0, 0, 0, 0, 0, 0, 0, 0, 0, 0, 0, 0, 0, 0, 1, 1, 0, 0, 0, 0, 0, 0, 1, 1, 0, 0, 0, 0, 0, 0, 1, 1, 0, 0, 0, 0, 0, 1, 1, 1, 1, 0, 0, 0, 0, 0, 1, 1, 0, 0, 0, 0, 1, 1, 1, 1, 1, 1, 0, 0, 0, 0, 1, 1, 2, 2, 2, 2, 2, 2, 2, 2, 2, 2, 2, 2, 2, 2, 1, 1, 0, 0, 0, 0, 0, 0, 0, 0, 0, 0, 0, 0, 0, 0, 1, 1, 0, 0, 0, 0, 0, 0, 0, 0, 0, 0, 0, 0, 0, 0, 1, 1, 0, 0, 0, 0, 0, 0, 0, 0, 0, 0, 0, 0, 0, 0, 1, 1, 0, 0, 0, 0, 0, 0, 0, 0, 0, 0, 0, 0, 0, 0, 1, 1, 0, 0, 2, 2, 2, 2, 2, 2, 2, 2, 2, 2, 0, 0, 1, 1, 0, 0, 0, 0, 0, 0, 0, 0, 0, 0, 0, 0, 0, 0, 1, 1, 0, 0, 0, 0, 0, 0, 0, 0, 0, 0, 0, 0, 0, 0, 1, 1, 0, 0, 0, 0, 0, 0, 0, 0, 0, 0, 0, 0, 0, 0, 1, 1, 2, 2, 2, 0, 0, 0, 0, 0, 0, 0, 0, 2, 2, 2, 1, 1, 0, 0, 0, 0, 2, 2, 2, 2, 2, 2, 0, 0, 0, 0, 1, 1, 0, 0, 0, 0, 0, 0, 0, 0, 0, 0, 0, 0, 0, 0, 1, 1, 0, 0, 0, 0, 0, 0, 0, 0, 0, 0, 0, 0, 0, 0, 1, 1, 2, 2, 2, 2, 2, 0, 0, 0, 0, 2, 2, 2, 2, 2, 1, 1, 0, 0, 0, 0, 0, 0, 0, 0, 0, 0, 0, 0, 0, 0, 1, 1, 0, 0, 0, 0, 0, 0, 0, 0, 0, 0, 0, 0, 0, 0, 1, 1, 1, 1, 1, 1, 1, 1, 1, 1, 1, 1, 1, 1, 1, 1, 1],
         "height":100,
         "name":"visible",
         "opacity":1,
         "type":"tilelayer",
         "visible":true,
         "width":16,
         "x":0,
         "y":0
        }, 
        {
         "data":[0, 0, 0, 0, 0, 0, 0, 0, 0, 0, 0, 0, 0, 0, 0, 0, 0, 0, 0, 0, 0, 0, 0, 0, 0, 0, 0, 0, 0, 0, 0, 0, 0, 0, 0, 0, 0, 0, 0, 0, 0, 0, 0, 0, 0, 0, 0, 0, 0, 0, 0, 0, 0, 0, 0, 0, 0, 0, 0, 0, 0, 0, 0, 0, 0, 0, 0, 0, 0, 0, 0, 0, 0, 0, 0, 0, 0, 0, 0, 0, 0, 0, 0, 0, 0, 0, 0, 0, 0, 0, 0, 0, 0, 0, 0, 0, 0, 0, 0, 0, 0, 0, 0, 0, 0, 0, 0, 0, 0, 0, 0, 0, 0, 0, 0, 0, 0, 0, 0, 0, 0, 0, 0, 0, 0, 0, 0, 0, 0, 0, 0, 0, 0, 0, 0, 0, 0, 0, 0, 0, 0, 0, 0, 0, 0, 0, 0, 0, 0, 0, 0, 0, 0, 0, 0, 0, 0, 0, 0, 0, 0, 0, 0, 0, 0, 0, 0, 0, 0, 0, 0, 0, 0, 0, 0, 0, 0, 0, 0, 0, 0, 0, 0, 0, 0, 0, 0, 0, 0, 0, 0, 0, 0, 0, 0, 0, 0, 0, 0, 0, 0, 0, 0, 0, 0, 0, 0, 0, 0, 0, 0, 0, 0, 0, 0, 0, 0, 0, 0, 0, 0, 0, 0, 0, 0, 0, 0, 0, 0, 0, 0, 0, 0, 0, 0, 0, 0, 0, 0, 0, 0, 0, 0, 0, 0, 0, 0, 0, 0, 0, 0, 0, 0, 0, 0, 0, 0, 0, 0, 0, 0, 0, 0, 0, 0, 0, 0, 0, 0, 0, 0, 0, 0, 3, 0, 0, 3, 0, 0, 0, 0, 0, 0, 0, 0, 0, 3, 0, 0, 3, 0, 0, 3, 0, 0, 0, 0, 0, 0, 0, 0, 0, 3, 0, 0, 3, 0, 0, 3, 0, 0, 3, 0, 0, 0, 0, 0, 0, 3, 0, 0, 3, 0, 0, 3, 0, 0, 3, 0, 0, 0, 0, 0, 0, 3, 0, 0, 3, 0, 0, 3, 0, 0, 3, 0, 0, 0, 0, 0, 0, 3, 0, 0, 3, 0, 0, 3, 0, 0, 3, 0, 0, 0, 0, 0, 0, 3, 0, 0, 3, 0, 0, 3, 0, 0, 3, 0, 0, 0, 0, 0, 0, 3, 0, 0, 3, 0, 0, 3, 0, 0, 0, 0, 0, 0, 0, 0, 0, 3, 0, 0, 3, 0, 0, 0, 0, 0, 0, 0, 0, 0, 0, 0, 0, 3, 0, 0, 3, 0, 0, 0, 0, 0, 0, 0, 0, 0, 0, 0, 0, 3, 0, 0, 3, 0, 0, 0, 0, 0, 0, 0, 0, 0, 0, 0, 0, 3, 0, 0, 3, 0, 0, 0, 0, 0, 0, 0, 0, 0, 0, 0, 0, 3, 0, 0, 3, 0, 0, 0, 0, 0, 0, 0, 0, 0, 0, 0, 0, 3, 0, 0, 3, 0, 0, 0, 0, 0, 0, 0, 0, 0, 0, 0, 0, 3, 0, 0, 3, 0, 0, 0, 0, 0, 0, 0, 0, 0, 0, 0, 0, 3, 0, 0, 3, 0, 0, 0, 0, 0, 0, 0, 0, 0, 0, 0, 0, 3, 0, 0, 3, 0, 0, 0, 0, 0, 0, 0, 0, 0, 0, 0, 0, 3, 0, 0, 3, 0, 0, 0, 0, 0, 0, 0, 0, 0, 0, 0, 0, 3, 0, 0, 0, 0, 0, 0, 0, 0, 0, 0, 0, 0, 3, 0, 0, 3, 0, 0, 0, 0, 0, 0, 0, 0, 0, 0, 0, 0, 3, 0, 0, 3, 0, 0, 0, 0, 0, 0, 0, 0, 0, 0, 0, 0, 3, 0, 0, 3, 0, 0, 0, 0, 0, 0, 0, 0, 0, 0, 0, 0, 0, 0, 0, 3, 0, 0, 0, 0, 0, 0, 0, 0, 0, 0, 0, 0, 0, 0, 0, 3, 0, 0, 0, 0, 0, 0, 0, 0, 0, 0, 0, 0, 0, 0, 0, 0, 0, 0, 0, 0, 0, 0, 0, 0, 0, 0, 0, 0, 0, 0, 0, 0, 0, 0, 0, 0, 0, 0, 0, 0, 0, 0, 0, 0, 0, 0, 0, 0, 0, 0, 0, 0, 0, 0, 0, 0, 0, 0, 0, 0, 0, 0, 0, 0, 0, 0, 0, 0, 0, 0, 0, 0, 0, 0, 0, 3, 0, 0, 0, 0, 0, 0, 0, 0, 0, 0, 0, 0, 0, 0, 0, 3, 0, 0, 0, 0, 0, 0, 0, 0, 0, 0, 0, 0, 0, 0, 0, 3, 0, 0, 0, 0, 0, 0, 0, 0, 0, 0, 0, 0, 0, 0, 0, 0, 0, 0, 0, 0, 0, 0, 0, 0, 0, 0, 0, 0, 0, 0, 0, 0, 0, 0, 0, 0, 0, 0, 0, 0, 0, 0, 0, 0, 0, 0, 0, 0, 0, 0, 0, 0, 0, 0, 0, 0, 0, 0, 0, 0, 0, 0, 0, 0, 0, 0, 0, 0, 0, 0, 3, 0, 0, 0, 0, 0, 0, 0, 0, 0, 0, 0, 0, 3, 0, 0, 3, 0, 0, 0, 0, 0, 0, 0, 0, 0, 0, 0, 0, 3, 0, 0, 3, 0, 0, 0, 0, 0, 0, 0, 0, 0, 0, 0, 0, 3, 0, 0, 0, 0, 0, 0, 0, 3, 0, 0, 3, 0, 0, 0, 0, 0, 0, 0, 0, 0, 0, 0, 0, 3, 0, 0, 3, 0, 0, 0, 0, 0, 0, 0, 0, 0, 0, 0, 0, 3, 0, 0, 3, 0, 0, 0, 0, 0, 0, 0, 0, 0, 0, 0, 0, 0, 0, 0, 0, 0, 0, 0, 0, 0, 0, 0, 0, 0, 0, 0, 0, 0, 0, 0, 0, 0, 0, 0, 0, 0, 0, 0, 0, 0, 0, 0, 0, 0, 0, 0, 0, 0, 0, 0, 0, 0, 0, 0, 0, 0, 0, 0, 0, 0, 0, 0, 0, 0, 0, 0, 0, 0, 0, 0, 0, 0, 0, 0, 0, 0, 0, 0, 0, 0, 0, 0, 0, 0, 0, 0, 0, 0, 0, 0, 0, 0, 0, 0, 0, 0, 0, 0, 0, 0, 0, 0, 0, 0, 0, 0, 0, 0, 0, 0, 0, 0, 0, 0, 0, 0, 0, 0, 0, 0, 0, 0, 0, 0, 0, 0, 0, 0, 0, 0, 0, 0, 0, 0, 0, 0, 0, 0, 0, 0, 0, 0, 0, 0, 0, 0, 0, 0, 0, 0, 0, 0, 0, 0, 0, 0, 0, 0, 0, 0, 0, 0, 0, 0, 0, 0, 0, 3, 0, 0, 3, 0, 0, 0, 0, 3, 0, 0, 3, 0, 0, 0, 0, 3, 0, 0, 3, 0, 0, 0, 0, 3, 0, 0, 3, 0, 0, 0, 0, 3, 0, 0, 3, 0, 0, 0, 0, 3, 0, 0, 3, 0, 0, 0, 0, 3, 0, 0, 3, 0, 0, 0, 0, 3, 0, 0, 3, 0, 0, 0, 0, 3, 0, 0, 3, 0, 0, 0, 0, 3, 0, 0, 3, 0, 0, 0, 0, 3, 0, 0, 3, 0, 0, 0, 0, 3, 0, 0, 3, 0, 0, 0, 0, 3, 0, 0, 3, 0, 0, 0, 0, 3, 0, 0, 3, 0, 0, 0, 0, 3, 0, 0, 3, 0, 0, 0, 0, 3, 0, 0, 3, 0, 0, 0, 0, 0, 0, 0, 0, 3, 0, 0, 3, 0, 0, 0, 0, 0, 0, 0, 0, 0, 0, 0, 0, 3, 0, 0, 3, 0, 0, 0, 0, 0, 0, 0, 0, 0, 0, 0, 0, 3, 0, 0, 3, 0, 0, 0, 0, 0, 0, 0, 0, 0, 0, 0, 0, 3, 0, 0, 3, 0, 0, 0, 0, 0, 0, 0, 0, 0, 0, 0, 0, 3, 0, 0, 3, 0, 0, 0, 0, 0, 0, 0, 0, 0, 0, 0, 0, 3, 0, 0, 3, 0, 0, 0, 0, 0, 0, 0, 0, 0, 0, 0, 0, 0, 0, 0, 0, 0, 0, 0, 0, 0, 0, 0, 0, 0, 0, 0, 0, 0, 0, 0, 0, 0, 0, 0, 0, 0, 0, 0, 3, 0, 0, 0, 0, 0, 0, 0, 0, 0, 0, 0, 0, 3, 0, 0, 3, 0, 0, 0, 0, 0, 0, 0, 0, 0, 0, 0, 0, 3, 0, 0, 3, 0, 0, 0, 0, 0, 0, 0, 0, 0, 0, 0, 0, 3, 0, 0, 3, 0, 0, 0, 0, 0, 0, 0, 0, 0, 0, 0, 0, 3, 0, 0, 3, 0, 0, 0, 0, 0, 0, 0, 0, 0, 0, 0, 0, 3, 0, 0, 3, 0, 3, 0, 0, 0, 0, 0, 0, 0, 0, 3, 0, 3, 0, 0, 3, 0, 3, 0, 0, 0, 0, 0, 0, 0, 0, 3, 0, 3, 0, 0, 3, 0, 3, 0, 0, 0, 0, 0, 0, 0, 0, 3, 0, 3, 0, 0, 3, 0, 3, 0, 0, 0, 0, 0, 0, 0, 0, 3, 0, 3, 0, 0, 0, 0, 0, 0, 0, 0, 0, 0, 0, 0, 0, 0, 0, 0, 0, 0, 0, 0, 0, 0, 3, 0, 0, 0, 0, 3, 0, 0, 0, 0, 0, 0, 0, 0, 0, 0, 3, 0, 0, 0, 0, 3, 0, 0, 0, 0, 0, 0, 0, 0, 0, 0, 3, 0, 0, 0, 0, 3, 0, 0, 0, 0, 0, 0, 0, 3, 0, 0, 0, 0, 0, 0, 0, 0, 0, 0, 3, 0, 0, 0, 0, 3, 0, 0, 0, 0, 0, 0, 0, 0, 0, 0, 3, 0, 0, 0, 0, 3, 0, 0, 0, 0, 0, 0, 0, 0, 0, 0, 3, 0, 0, 0, 0, 0, 0, 0, 0, 0, 0, 0, 0, 0, 0, 0, 0, 0, 0],
         "height":100,
         "name":"ladders",
         "opacity":1,
         "type":"tilelayer",
         "visible":true,
         "width":16,
         "x":0,
         "y":0
        }, 
        {
         "height":100,
         "name":"entities",
         "objects":[
                {
                 "height":32,
                 "name":"mainPlayer",
                 "properties":
                    {
                     "image":"player",
                     "spritewidth":"16"
                    },
                 "type":"",
                 "visible":true,
                 "width":16,
                 "x":112,
                 "y":1552
                }, 
                {
                 "height":32,
                 "name":"sausage",
                 "properties":
                    {
                     "image":"sausage",
                     "spritewidth":"12"
                    },
                 "type":"",
                 "visible":true,
                 "width":16,
                 "x":32,
                 "y":1552
                }, 
                {
                 "height":32,
                 "name":"sausage",
                 "properties":
                    {
                     "image":"sausage",
                     "spritewidth":"12"
                    },
                 "type":"",
                 "visible":true,
                 "width":16,
                 "x":144,
                 "y":1552
                }, 
                {
                 "height":32,
                 "name":"sausage",
                 "properties":
                    {
                     "image":"sausage",
                     "spritewidth":"12"
                    },
                 "type":"",
                 "visible":true,
                 "width":16,
                 "x":208,
                 "y":1552
                }, 
                {
                 "height":32,
                 "name":"sausage",
                 "properties":
                    {
                     "image":"sausage",
                     "spritewidth":"12"
                    },
                 "type":"",
                 "visible":true,
                 "width":16,
                 "x":64,
                 "y":1552
                }, 
                {
                 "height":32,
                 "name":"sausage",
                 "properties":
                    {
                     "image":"sausage",
                     "spritewidth":"12"
                    },
                 "type":"",
                 "visible":true,
                 "width":16,
                 "x":176,
                 "y":1552
                }, 
                {
                 "height":16,
                 "name":"dog",
                 "properties":
                    {
                     "image":"dog",
                     "speed":"1",
                     "spritewidth":"24",
                     "startotherside":"false"
                    },
                 "type":"",
                 "visible":true,
                 "width":96,
                 "x":80,
                 "y":1472
                }, 
                {
                 "height":48,
                 "name":"ladder",
                 "properties":
                    {

                    },
                 "type":"",
                 "visible":true,
                 "width":16,
                 "x":32,
                 "y":1536
                }, 
                {
                 "height":48,
                 "name":"ladder",
                 "properties":
                    {

                    },
                 "type":"",
                 "visible":true,
                 "width":16,
                 "x":208,
                 "y":1536
                }, 
                {
                 "height":32,
                 "name":"sausage",
                 "properties":
                    {
                     "image":"sausage",
                     "spritewidth":"12"
                    },
                 "type":"",
                 "visible":true,
                 "width":16,
                 "x":80,
                 "y":1456
                }, 
                {
                 "height":32,
                 "name":"sausage",
                 "properties":
                    {
                     "image":"sausage",
                     "spritewidth":"12"
                    },
                 "type":"",
                 "visible":true,
                 "width":16,
                 "x":96,
                 "y":1456
                }, 
                {
                 "height":32,
                 "name":"sausage",
                 "properties":
                    {
                     "image":"sausage",
                     "spritewidth":"12"
                    },
                 "type":"",
                 "visible":true,
                 "width":16,
                 "x":160,
                 "y":1456
                }, 
                {
                 "height":32,
                 "name":"sausage",
                 "properties":
                    {
                     "image":"sausage",
                     "spritewidth":"12"
                    },
                 "type":"",
                 "visible":true,
                 "width":16,
                 "x":208,
                 "y":1440
                }, 
                {
                 "height":32,
                 "name":"sausage",
                 "properties":
                    {
                     "image":"sausage",
                     "spritewidth":"12"
                    },
                 "type":"",
                 "visible":true,
                 "width":16,
                 "x":32,
                 "y":1440
                }, 
                {
                 "height":32,
                 "name":"sausage",
                 "properties":
                    {
                     "image":"sausage",
                     "spritewidth":"12"
                    },
                 "type":"",
                 "visible":true,
                 "width":16,
                 "x":112,
                 "y":1456
                }, 
                {
                 "height":32,
                 "name":"sausage",
                 "properties":
                    {
                     "image":"sausage",
                     "spritewidth":"12"
                    },
                 "type":"",
                 "visible":true,
                 "width":16,
                 "x":128,
                 "y":1456
                }, 
                {
                 "height":32,
                 "name":"sausage",
                 "properties":
                    {
                     "image":"sausage",
                     "spritewidth":"12"
                    },
                 "type":"",
                 "visible":true,
                 "width":16,
                 "x":144,
                 "y":1456
                }, 
                {
                 "height":48,
                 "name":"ladder",
                 "properties":
                    {

                    },
                 "type":"",
                 "visible":true,
                 "width":16,
                 "x":80,
                 "y":1488
                }, 
                {
                 "height":48,
                 "name":"ladder",
                 "properties":
                    {

                    },
                 "type":"",
                 "visible":true,
                 "width":16,
                 "x":160,
                 "y":1488
                }, 
                {
                 "height":144,
                 "name":"ladder",
                 "properties":
                    {

                    },
                 "type":"",
                 "visible":true,
                 "width":16,
                 "x":16,
                 "y":1328
                }, 
                {
                 "height":144,
                 "name":"ladder",
                 "properties":
                    {

                    },
                 "type":"",
                 "visible":true,
                 "width":16,
                 "x":224,
                 "y":1328
                }, 
                {
                 "height":64,
                 "name":"ladder",
                 "properties":
                    {

                    },
                 "type":"",
                 "visible":true,
                 "width":16,
                 "x":48,
                 "y":1408
                }, 
                {
                 "height":64,
                 "name":"ladder",
                 "properties":
                    {

                    },
                 "type":"",
                 "visible":true,
                 "width":16,
                 "x":192,
                 "y":1408
                }, 
                {
                 "height":32,
                 "name":"sausage",
                 "properties":
                    {
                     "image":"sausage",
                     "spritewidth":"12"
                    },
                 "type":"",
                 "visible":true,
                 "width":16,
                 "x":64,
                 "y":1376
                }, 
                {
                 "height":32,
                 "name":"sausage",
                 "properties":
                    {
                     "image":"sausage",
                     "spritewidth":"12"
                    },
                 "type":"",
                 "visible":true,
                 "width":16,
                 "x":96,
                 "y":1376
                }, 
                {
                 "height":32,
                 "name":"sausage",
                 "properties":
                    {
                     "image":"sausage",
                     "spritewidth":"12"
                    },
                 "type":"",
                 "visible":true,
                 "width":16,
                 "x":144,
                 "y":1376
                }, 
                {
                 "height":32,
                 "name":"sausage",
                 "properties":
                    {
                     "image":"sausage",
                     "spritewidth":"12"
                    },
                 "type":"",
                 "visible":true,
                 "width":16,
                 "x":176,
                 "y":1376
                }, 
                {
                 "height":16,
                 "name":"dog",
                 "properties":
                    {
                     "image":"dog",
                     "speed":"1",
                     "spritewidth":"24",
                     "startotherside":"true"
                    },
                 "type":"",
                 "visible":true,
                 "width":160,
                 "x":48,
                 "y":1392
                }, 
                {
                 "height":24,
                 "name":"levelend",
                 "properties":
                    {

                    },
                 "type":"",
                 "visible":true,
                 "width":224,
                 "x":16,
                 "y":1280
                }, 
                {
                 "height":16,
                 "name":"wasp",
                 "properties":
                    {
                     "image":"wasp",
                     "speed":"2",
                     "spritewidth":"8",
                     "startotherside":"false",
                     "updown":"false"
                    },
                 "type":"",
                 "visible":true,
                 "width":112,
                 "x":16,
                 "y":1360
                }, 
                {
                 "height":96,
                 "name":"wasp",
                 "properties":
                    {
                     "flipped":"false",
                     "image":"wasp",
                     "speed":"2",
                     "spriteheight":"8",
                     "spritewidth":"8",
                     "startotherside":"false",
                     "updown":"true"
                    },
                 "type":"",
                 "visible":true,
                 "width":16,
                 "x":48,
                 "y":1232
                }, 
                {
                 "height":96,
                 "name":"wasp",
                 "properties":
                    {
                     "flipped":"true",
                     "image":"wasp",
                     "speed":"2",
                     "spriteheight":"8",
                     "spritewidth":"8",
                     "startotherside":"false",
                     "updown":"true"
                    },
                 "type":"",
                 "visible":true,
                 "width":16,
                 "x":192,
                 "y":1232
                }, 
                {
                 "height":32,
                 "name":"sausage",
                 "properties":
                    {
                     "image":"sausage",
                     "spritewidth":"12"
                    },
                 "type":"",
                 "visible":true,
                 "width":16,
                 "x":112,
                 "y":1248
                }, 
                {
                 "height":32,
                 "name":"sausage",
                 "properties":
                    {
                     "image":"sausage",
                     "spritewidth":"12"
                    },
                 "type":"",
                 "visible":true,
                 "width":16,
                 "x":128,
                 "y":1248
                }, 
                {
                 "height":32,
                 "name":"sausage",
                 "properties":
                    {
                     "image":"sausage",
                     "spritewidth":"12"
                    },
                 "type":"",
                 "visible":true,
                 "width":16,
                 "x":96,
                 "y":1264
                }, 
                {
                 "height":32,
                 "name":"sausage",
                 "properties":
                    {
                     "image":"sausage",
                     "spritewidth":"12"
                    },
                 "type":"",
                 "visible":true,
                 "width":16,
                 "x":144,
                 "y":1264
                }, 
                {
                 "height":96,
                 "name":"wasp",
                 "properties":
                    {
                     "flipped":"false",
                     "image":"wasp",
                     "speed":"2",
                     "spriteheight":"8",
                     "spritewidth":"8",
                     "startotherside":"true",
                     "updown":"true"
                    },
                 "type":"",
                 "visible":true,
                 "width":16,
                 "x":80,
                 "y":1216
                }, 
                {
                 "height":96,
                 "name":"wasp",
                 "properties":
                    {
                     "flipped":"true",
                     "image":"wasp",
                     "speed":"2",
                     "spriteheight":"8",
                     "spritewidth":"8",
                     "startotherside":"true",
                     "updown":"true"
                    },
                 "type":"",
                 "visible":true,
                 "width":16,
                 "x":160,
                 "y":1216
                }, 
                {
                 "height":24,
                 "name":"levelend",
                 "properties":
                    {

                    },
                 "type":"",
                 "visible":true,
                 "width":224,
                 "x":16,
                 "y":1024
                }, 
                {
                 "height":96,
                 "name":"ladder",
                 "properties":
                    {

                    },
                 "type":"",
                 "visible":true,
                 "width":16,
                 "x":144,
                 "y":1200
                }, 
                {
                 "height":96,
                 "name":"ladder",
                 "properties":
                    {

                    },
                 "type":"",
                 "visible":true,
                 "width":16,
                 "x":96,
                 "y":1200
                }, 
                {
                 "height":16,
                 "name":"dog",
                 "properties":
                    {
                     "image":"dog",
                     "speed":"1",
                     "spritewidth":"24",
                     "startotherside":"false"
                    },
                 "type":"",
                 "visible":true,
                 "width":96,
                 "x":80,
                 "y":1184
                }, 
                {
                 "height":128,
                 "name":"ladder",
                 "properties":
                    {

                    },
                 "type":"",
                 "visible":true,
                 "width":16,
                 "x":208,
                 "y":1072
                }, 
                {
                 "height":128,
                 "name":"ladder",
                 "properties":
                    {

                    },
                 "type":"",
                 "visible":true,
                 "width":16,
                 "x":32,
                 "y":1072
                }, 
                {
                 "height":16,
                 "name":"wasp",
                 "properties":
                    {
                     "image":"wasp",
                     "speed":"1.5",
                     "spritewidth":"8",
                     "startotherside":"false",
                     "updown":"false"
                    },
                 "type":"",
                 "visible":true,
                 "width":64,
                 "x":16,
                 "y":1152
                }, 
                {
                 "height":16,
                 "name":"wasp",
                 "properties":
                    {
                     "image":"wasp",
                     "speed":"1.5",
                     "spritewidth":"8",
                     "startotherside":"false",
                     "updown":"false"
                    },
                 "type":"",
                 "visible":true,
                 "width":64,
                 "x":176,
                 "y":1104
                }, 
                {
                 "height":16,
                 "name":"wasp",
                 "properties":
                    {
                     "image":"wasp",
                     "speed":"1.5",
                     "spritewidth":"8",
                     "startotherside":"true",
                     "updown":"false"
                    },
                 "type":"",
                 "visible":true,
                 "width":64,
                 "x":176,
                 "y":1152
                }, 
                {
                 "height":16,
                 "name":"wasp",
                 "properties":
                    {
                     "image":"wasp",
                     "speed":"1.5",
                     "spritewidth":"8",
                     "startotherside":"true",
                     "updown":"false"
                    },
                 "type":"",
                 "visible":true,
                 "width":64,
                 "x":16,
                 "y":1104
                }, 
                {
                 "height":128,
                 "name":"ladder",
                 "properties":
                    {

                    },
                 "type":"",
                 "visible":true,
                 "width":16,
                 "x":160,
                 "y":1072
                }, 
                {
                 "height":128,
                 "name":"ladder",
                 "properties":
                    {

                    },
                 "type":"",
                 "visible":true,
                 "width":16,
                 "x":80,
                 "y":1072
                }, 
                {
                 "height":32,
                 "name":"sausage",
                 "properties":
                    {
                     "image":"sausage",
                     "spritewidth":"12"
                    },
                 "type":"",
                 "visible":true,
                 "width":16,
                 "x":96,
                 "y":1168
                }, 
                {
                 "height":32,
                 "name":"sausage",
                 "properties":
                    {
                     "image":"sausage",
                     "spritewidth":"12"
                    },
                 "type":"",
                 "visible":true,
                 "width":16,
                 "x":144,
                 "y":1168
                }, 
                {
                 "height":32,
                 "name":"sausage",
                 "properties":
                    {
                     "image":"sausage",
                     "spritewidth":"12"
                    },
                 "type":"",
                 "visible":true,
                 "width":16,
                 "x":32,
                 "y":1120
                }, 
                {
                 "height":32,
                 "name":"sausage",
                 "properties":
                    {
                     "image":"sausage",
                     "spritewidth":"12"
                    },
                 "type":"",
                 "visible":true,
                 "width":16,
                 "x":208,
                 "y":1120
                }, 
                {
                 "height":32,
                 "name":"sausage",
                 "properties":
                    {
                     "image":"sausage",
                     "spritewidth":"12"
                    },
                 "type":"",
                 "visible":true,
                 "width":16,
                 "x":32,
                 "y":1088
                }, 
                {
                 "height":32,
                 "name":"sausage",
                 "properties":
                    {
                     "image":"sausage",
                     "spritewidth":"12"
                    },
                 "type":"",
                 "visible":true,
                 "width":16,
                 "x":208,
                 "y":1088
                }, 
                {
                 "height":32,
                 "name":"sausage",
                 "properties":
                    {
                     "image":"sausage",
                     "spritewidth":"12"
                    },
                 "type":"",
                 "visible":true,
                 "width":16,
                 "x":208,
                 "y":1168
                }, 
                {
                 "height":32,
                 "name":"sausage",
                 "properties":
                    {
                     "image":"sausage",
                     "spritewidth":"12"
                    },
                 "type":"",
                 "visible":true,
                 "width":16,
                 "x":32,
                 "y":1168
                }, 
                {
                 "height":24,
                 "name":"levelend",
                 "properties":
                    {

                    },
                 "type":"",
                 "visible":true,
                 "width":224,
                 "x":16,
                 "y":768
                }, 
                {
                 "height":80,
                 "name":"wasp",
                 "properties":
                    {
                     "flipped":"false",
                     "image":"wasp",
                     "speed":"2.4",
                     "spriteheight":"8",
                     "spritewidth":"8",
                     "startotherside":"false",
                     "updown":"true"
                    },
                 "type":"",
                 "visible":true,
                 "width":16,
                 "x":80,
                 "y":992
                }, 
                {
                 "height":80,
                 "name":"wasp",
                 "properties":
                    {
                     "flipped":"true",
                     "image":"wasp",
                     "speed":"2.4",
                     "spriteheight":"8",
                     "spritewidth":"8",
                     "startotherside":"false",
                     "updown":"true"
                    },
                 "type":"",
                 "visible":true,
                 "width":16,
                 "x":160,
                 "y":992
                }, 
                {
                 "height":16,
                 "name":"wasp",
                 "properties":
                    {
                     "image":"wasp",
                     "speed":"1.5",
                     "spritewidth":"8",
                     "startotherside":"false",
                     "updown":"false"
                    },
                 "type":"",
                 "visible":true,
                 "width":96,
                 "x":16,
                 "y":928
                }, 
                {
                 "height":16,
                 "name":"wasp",
                 "properties":
                    {
                     "image":"wasp",
                     "speed":"1.5",
                     "spritewidth":"8",
                     "startotherside":"true",
                     "updown":"false"
                    },
                 "type":"",
                 "visible":true,
                 "width":96,
                 "x":144,
                 "y":928
                }, 
                {
                 "height":16,
                 "name":"dog",
                 "properties":
                    {
                     "image":"dog",
                     "speed":"1",
                     "spritewidth":"24",
                     "startotherside":"false"
                    },
                 "type":"",
                 "visible":true,
                 "width":96,
                 "x":16,
                 "y":848
                }, 
                {
                 "height":16,
                 "name":"dog",
                 "properties":
                    {
                     "image":"dog",
                     "speed":"1",
                     "spritewidth":"24",
                     "startotherside":"false"
                    },
                 "type":"",
                 "visible":true,
                 "width":96,
                 "x":144,
                 "y":848
                }, 
                {
                 "height":48,
                 "name":"ladder",
                 "properties":
                    {

                    },
                 "type":"",
                 "visible":true,
                 "width":16,
                 "x":224,
                 "y":816
                }, 
                {
                 "height":48,
                 "name":"ladder",
                 "properties":
                    {

                    },
                 "type":"",
                 "visible":true,
                 "width":16,
                 "x":16,
                 "y":816
                }, 
                {
                 "height":48,
                 "name":"ladder",
                 "properties":
                    {

                    },
                 "type":"",
                 "visible":true,
                 "width":16,
                 "x":96,
                 "y":864
                }, 
                {
                 "height":48,
                 "name":"ladder",
                 "properties":
                    {

                    },
                 "type":"",
                 "visible":true,
                 "width":16,
                 "x":144,
                 "y":864
                }, 
                {
                 "height":32,
                 "name":"sausage",
                 "properties":
                    {
                     "image":"sausage",
                     "spritewidth":"12"
                    },
                 "type":"",
                 "visible":true,
                 "width":16,
                 "x":96,
                 "y":1552
                }, 
                {
                 "height":32,
                 "name":"sausage",
                 "properties":
                    {
                     "image":"sausage",
                     "spritewidth":"12"
                    },
                 "type":"",
                 "visible":true,
                 "width":16,
                 "x":16,
                 "y":976
                }, 
                {
                 "height":32,
                 "name":"sausage",
                 "properties":
                    {
                     "image":"sausage",
                     "spritewidth":"12"
                    },
                 "type":"",
                 "visible":true,
                 "width":16,
                 "x":224,
                 "y":976
                }, 
                {
                 "height":48,
                 "name":"wasp",
                 "properties":
                    {
                     "flipped":"true",
                     "image":"wasp",
                     "speed":"1.5",
                     "spriteheight":"8",
                     "spritewidth":"8",
                     "startotherside":"true",
                     "updown":"true"
                    },
                 "type":"",
                 "visible":true,
                 "width":16,
                 "x":32,
                 "y":960
                }, 
                {
                 "height":48,
                 "name":"wasp",
                 "properties":
                    {
                     "flipped":"true",
                     "image":"wasp",
                     "speed":"1.5",
                     "spriteheight":"8",
                     "spritewidth":"8",
                     "startotherside":"true",
                     "updown":"true"
                    },
                 "type":"",
                 "visible":true,
                 "width":16,
                 "x":208,
                 "y":960
                }, 
                {
                 "height":32,
                 "name":"sausage",
                 "properties":
                    {
                     "image":"sausage",
                     "spritewidth":"12"
                    },
                 "type":"",
                 "visible":true,
                 "width":16,
                 "x":176,
                 "y":1008
                }, 
                {
                 "height":32,
                 "name":"sausage",
                 "properties":
                    {
                     "image":"sausage",
                     "spritewidth":"12"
                    },
                 "type":"",
                 "visible":true,
                 "width":16,
                 "x":64,
                 "y":1008
                }, 
                {
                 "height":32,
                 "name":"sausage",
                 "properties":
                    {
                     "image":"sausage",
                     "spritewidth":"12"
                    },
                 "type":"",
                 "visible":true,
                 "width":16,
                 "x":80,
                 "y":944
                }, 
                {
                 "height":32,
                 "name":"sausage",
                 "properties":
                    {
                     "image":"sausage",
                     "spritewidth":"12"
                    },
                 "type":"",
                 "visible":true,
                 "width":16,
                 "x":160,
                 "y":944
                }, 
                {
                 "height":32,
                 "name":"sausage",
                 "properties":
                    {
                     "image":"sausage",
                     "spritewidth":"12"
                    },
                 "type":"",
                 "visible":true,
                 "width":16,
                 "x":16,
                 "y":912
                }, 
                {
                 "height":32,
                 "name":"sausage",
                 "properties":
                    {
                     "image":"sausage",
                     "spritewidth":"12"
                    },
                 "type":"",
                 "visible":true,
                 "width":16,
                 "x":224,
                 "y":912
                }, 
                {
                 "height":32,
                 "name":"sausage",
                 "properties":
                    {
                     "image":"sausage",
                     "spritewidth":"12"
                    },
                 "type":"",
                 "visible":true,
                 "width":16,
                 "x":160,
                 "y":832
                }, 
                {
                 "height":32,
                 "name":"sausage",
                 "properties":
                    {
                     "image":"sausage",
                     "spritewidth":"12"
                    },
                 "type":"",
                 "visible":true,
                 "width":16,
                 "x":192,
                 "y":832
                }, 
                {
                 "height":32,
                 "name":"sausage",
                 "properties":
                    {
                     "image":"sausage",
                     "spritewidth":"12"
                    },
                 "type":"",
                 "visible":true,
                 "width":16,
                 "x":48,
                 "y":832
                }, 
                {
                 "height":32,
                 "name":"sausage",
                 "properties":
                    {
                     "image":"sausage",
                     "spritewidth":"12"
                    },
                 "type":"",
                 "visible":true,
                 "width":16,
                 "x":80,
                 "y":832
                }, 
                {
                 "height":24,
                 "name":"levelend",
                 "properties":
                    {

                    },
                 "type":"",
                 "visible":true,
                 "width":224,
                 "x":16,
                 "y":512
                }, 
                {
                 "height":32,
                 "name":"sausage",
                 "properties":
                    {
                     "image":"sausage",
                     "spritewidth":"12"
                    },
                 "type":"",
                 "visible":true,
                 "width":16,
                 "x":48,
                 "y":752
                }, 
                {
                 "height":32,
                 "name":"sausage",
                 "properties":
                    {
                     "image":"sausage",
                     "spritewidth":"12"
                    },
                 "type":"",
                 "visible":true,
                 "width":16,
                 "x":64,
                 "y":736
                }, 
                {
                 "height":32,
                 "name":"sausage",
                 "properties":
                    {
                     "image":"sausage",
                     "spritewidth":"12"
                    },
                 "type":"",
                 "visible":true,
                 "width":16,
                 "x":80,
                 "y":720
                }, 
                {
                 "height":32,
                 "name":"sausage",
                 "properties":
                    {
                     "image":"sausage",
                     "spritewidth":"12"
                    },
                 "type":"",
                 "visible":true,
                 "width":16,
                 "x":96,
                 "y":720
                }, 
                {
                 "height":64,
                 "name":"wasp",
                 "properties":
                    {
                     "flipped":"false",
                     "image":"wasp",
                     "speed":"1.6",
                     "spriteheight":"8",
                     "spritewidth":"8",
                     "startotherside":"false",
                     "updown":"true"
                    },
                 "type":"",
                 "visible":true,
                 "width":16,
                 "x":112,
                 "y":720
                }, 
                {
                 "height":64,
                 "name":"wasp",
                 "properties":
                    {
                     "flipped":"true",
                     "image":"wasp",
                     "speed":"1.6",
                     "spriteheight":"8",
                     "spritewidth":"8",
                     "startotherside":"true",
                     "updown":"true"
                    },
                 "type":"",
                 "visible":true,
                 "width":16,
                 "x":128,
                 "y":720
                }, 
                {
                 "height":32,
                 "name":"sausage",
                 "properties":
                    {
                     "image":"sausage",
                     "spritewidth":"12"
                    },
                 "type":"",
                 "visible":true,
                 "width":16,
                 "x":192,
                 "y":752
                }, 
                {
                 "height":48,
                 "name":"ladder",
                 "properties":
                    {

                    },
                 "type":"",
                 "visible":true,
                 "width":16,
                 "x":160,
                 "y":704
                }, 
                {
                 "height":32,
                 "name":"sausage",
                 "properties":
                    {
                     "image":"sausage",
                     "spritewidth":"12"
                    },
                 "type":"",
                 "visible":true,
                 "width":16,
                 "x":16,
                 "y":640
                }, 
                {
                 "height":32,
                 "name":"sausage",
                 "properties":
                    {
                     "image":"sausage",
                     "spritewidth":"12"
                    },
                 "type":"",
                 "visible":true,
                 "width":16,
                 "x":32,
                 "y":640
                }, 
                {
                 "height":32,
                 "name":"sausage",
                 "properties":
                    {
                     "image":"sausage",
                     "spritewidth":"12"
                    },
                 "type":"",
                 "visible":true,
                 "width":16,
                 "x":224,
                 "y":608
                }, 
                {
                 "height":32,
                 "name":"sausage",
                 "properties":
                    {
                     "image":"sausage",
                     "spritewidth":"12"
                    },
                 "type":"",
                 "visible":true,
                 "width":16,
                 "x":224,
                 "y":576
                }, 
                {
                 "height":32,
                 "name":"sausage",
                 "properties":
                    {
                     "image":"sausage",
                     "spritewidth":"12"
                    },
                 "type":"",
                 "visible":true,
                 "width":16,
                 "x":224,
                 "y":672
                }, 
                {
                 "height":16,
                 "name":"dog",
                 "properties":
                    {
                     "image":"dog",
                     "speed":"1",
                     "spritewidth":"24",
                     "startotherside":"false"
                    },
                 "type":"",
                 "visible":true,
                 "width":112,
                 "x":16,
                 "y":688
                }, 
                {
                 "height":16,
                 "name":"dog",
                 "properties":
                    {
                     "image":"dog",
                     "speed":"1",
                     "spritewidth":"24",
                     "startotherside":"false"
                    },
                 "type":"",
                 "visible":true,
                 "width":112,
                 "x":128,
                 "y":688
                }, 
                {
                 "height":32,
                 "name":"sausage",
                 "properties":
                    {
                     "image":"sausage",
                     "spritewidth":"12"
                    },
                 "type":"",
                 "visible":true,
                 "width":16,
                 "x":208,
                 "y":672
                }, 
                {
                 "height":32,
                 "name":"sausage",
                 "properties":
                    {
                     "image":"sausage",
                     "spritewidth":"12"
                    },
                 "type":"",
                 "visible":true,
                 "width":16,
                 "x":192,
                 "y":672
                }, 
                {
                 "height":32,
                 "name":"sausage",
                 "properties":
                    {
                     "image":"sausage",
                     "spritewidth":"12"
                    },
                 "type":"",
                 "visible":true,
                 "width":16,
                 "x":176,
                 "y":672
                }, 
                {
                 "height":64,
                 "name":"wasp",
                 "properties":
                    {
                     "flipped":"false",
                     "image":"wasp",
                     "speed":"1.6",
                     "spriteheight":"8",
                     "spritewidth":"8",
                     "startotherside":"false",
                     "updown":"true"
                    },
                 "type":"",
                 "visible":true,
                 "width":16,
                 "x":80,
                 "y":576
                }, 
                {
                 "height":64,
                 "name":"wasp",
                 "properties":
                    {
                     "flipped":"true",
                     "image":"wasp",
                     "speed":"1.6",
                     "spriteheight":"8",
                     "spritewidth":"8",
                     "startotherside":"true",
                     "updown":"true"
                    },
                 "type":"",
                 "visible":true,
                 "width":16,
                 "x":112,
                 "y":576
                }, 
                {
                 "height":48,
                 "name":"ladder",
                 "properties":
                    {

                    },
                 "type":"",
                 "visible":true,
                 "width":16,
                 "x":176,
                 "y":560
                }, 
                {
                 "height":368,
                 "name":"ladder",
                 "properties":
                    {

                    },
                 "type":"",
                 "visible":true,
                 "width":16,
                 "x":224,
                 "y":272
                }, 
                {
                 "height":32,
                 "name":"sausage",
                 "properties":
                    {
                     "image":"sausage",
                     "spritewidth":"12"
                    },
                 "type":"",
                 "visible":true,
                 "width":16,
                 "x":48,
                 "y":640
                }, 
                {
                 "height":32,
                 "name":"sausage",
                 "properties":
                    {
                     "image":"sausage",
                     "spritewidth":"12"
                    },
                 "type":"",
                 "visible":true,
                 "width":16,
                 "x":208,
                 "y":304
                }, 
                {
                 "height":32,
                 "name":"sausage",
                 "properties":
                    {
                     "image":"sausage",
                     "spritewidth":"12"
                    },
                 "type":"",
                 "visible":true,
                 "width":16,
                 "x":208,
                 "y":336
                }, 
                {
                 "height":32,
                 "name":"sausage",
                 "properties":
                    {
                     "image":"sausage",
                     "spritewidth":"12"
                    },
                 "type":"",
                 "visible":true,
                 "width":16,
                 "x":208,
                 "y":368
                }, 
                {
                 "height":32,
                 "name":"sausage",
                 "properties":
                    {
                     "image":"sausage",
                     "spritewidth":"12"
                    },
                 "type":"",
                 "visible":true,
                 "width":16,
                 "x":208,
                 "y":272
                }, 
                {
                 "height":32,
                 "name":"sausage",
                 "properties":
                    {
                     "image":"sausage",
                     "spritewidth":"12"
                    },
                 "type":"",
                 "visible":true,
                 "width":16,
                 "x":208,
                 "y":400
                }, 
                {
                 "height":32,
                 "name":"sausage",
                 "properties":
                    {
                     "image":"sausage",
                     "spritewidth":"12"
                    },
                 "type":"",
                 "visible":true,
                 "width":16,
                 "x":208,
                 "y":432
                }, 
                {
                 "height":32,
                 "name":"sausage",
                 "properties":
                    {
                     "image":"sausage",
                     "spritewidth":"12"
                    },
                 "type":"",
                 "visible":true,
                 "width":16,
                 "x":144,
                 "y":576
                }, 
                {
                 "height":288,
                 "name":"ladder",
                 "properties":
                    {

                    },
                 "type":"",
                 "visible":true,
                 "width":16,
                 "x":16,
                 "y":272
                }, 
                {
                 "height":32,
                 "name":"gameend",
                 "properties":
                    {
                     "image":"supersausage"
                    },
                 "type":"",
                 "visible":true,
                 "width":48,
                 "x":144,
                 "y":400
                }, 
                {
                 "height":16,
                 "name":"wasp",
                 "properties":
                    {
                     "image":"wasp",
                     "speed":"2",
                     "spritewidth":"8",
                     "startotherside":"true",
                     "updown":"false"
                    },
                 "type":"",
                 "visible":true,
                 "width":112,
                 "x":128,
                 "y":1360
                }, 
                {
                 "height":16,
                 "name":"dog",
                 "properties":
                    {
                     "image":"dog",
                     "speed":"1",
                     "spritewidth":"24",
                     "startotherside":"false"
                    },
                 "type":"",
                 "visible":true,
                 "width":80,
                 "x":16,
                 "y":544
                }, 
                {
                 "height":128,
                 "name":"ladder",
                 "properties":
                    {

                    },
                 "type":"",
                 "visible":true,
                 "width":16,
                 "x":64,
                 "y":272
                }, 
                {
                 "height":80,
                 "name":"ladder",
                 "properties":
                    {

                    },
                 "type":"",
                 "visible":true,
                 "width":16,
                 "x":112,
                 "y":304
                }, 
                {
                 "height":32,
                 "name":"sausage",
                 "properties":
                    {
                     "image":"sausage",
                     "spritewidth":"12"
                    },
                 "type":"",
                 "visible":true,
                 "width":16,
                 "x":32,
                 "y":272
                }, 
                {
                 "height":32,
                 "name":"sausage",
                 "properties":
                    {
                     "image":"sausage",
                     "spritewidth":"12"
                    },
                 "type":"",
                 "visible":true,
                 "width":16,
                 "x":32,
                 "y":304
                }, 
                {
                 "height":32,
                 "name":"sausage",
                 "properties":
                    {
                     "image":"sausage",
                     "spritewidth":"12"
                    },
                 "type":"",
                 "visible":true,
                 "width":16,
                 "x":32,
                 "y":336
                }, 
                {
                 "height":32,
                 "name":"sausage",
                 "properties":
                    {
                     "image":"sausage",
                     "spritewidth":"12"
                    },
                 "type":"",
                 "visible":true,
                 "width":16,
                 "x":32,
                 "y":368
                }, 
                {
                 "height":32,
                 "name":"sausage",
                 "properties":
                    {
                     "image":"sausage",
                     "spritewidth":"12"
                    },
                 "type":"",
                 "visible":true,
                 "width":16,
                 "x":32,
                 "y":400
                }, 
                {
                 "height":32,
                 "name":"sausage",
                 "properties":
                    {
                     "image":"sausage",
                     "spritewidth":"12"
                    },
                 "type":"",
                 "visible":true,
                 "width":16,
                 "x":208,
                 "y":464
                }, 
                {
                 "height":32,
                 "name":"sausage",
                 "properties":
                    {
                     "image":"sausage",
                     "spritewidth":"12"
                    },
                 "type":"",
                 "visible":true,
                 "width":16,
                 "x":64,
                 "y":528
                }, 
                {
                 "height":32,
                 "name":"sausage",
                 "properties":
                    {
                     "image":"sausage",
                     "spritewidth":"12"
                    },
                 "type":"",
                 "visible":true,
                 "width":16,
                 "x":32,
                 "y":528
                }, 
                {
                 "height":16,
                 "name":"wasp",
                 "properties":
                    {
                     "image":"wasp",
                     "speed":"1",
                     "spritewidth":"8",
                     "startotherside":"false",
                     "updown":"false"
                    },
                 "type":"",
                 "visible":true,
                 "width":64,
                 "x":64,
                 "y":320
                }, 
                {
                 "height":16,
                 "name":"wasp",
                 "properties":
                    {
                     "image":"wasp",
                     "speed":"1",
                     "spritewidth":"8",
                     "startotherside":"true",
                     "updown":"false"
                    },
                 "type":"",
                 "visible":true,
                 "width":64,
                 "x":64,
                 "y":368
                }, 
                {
                 "height":16,
                 "name":"wasp",
                 "properties":
                    {
                     "image":"wasp",
                     "speed":"1.5",
                     "spritewidth":"8",
                     "startotherside":"false",
                     "updown":"false"
                    },
                 "type":"",
                 "visible":true,
                 "width":96,
                 "x":16,
                 "y":464
                }, 
                {
                 "height":16,
                 "name":"wasp",
                 "properties":
                    {
                     "image":"wasp",
                     "speed":"1.5",
                     "spritewidth":"8",
                     "startotherside":"true",
                     "updown":"false"
                    },
                 "type":"",
                 "visible":true,
                 "width":96,
                 "x":112,
                 "y":464
                }, 
                {
                 "height":32,
                 "name":"sausage",
                 "properties":
                    {
                     "image":"sausage",
                     "spritewidth":"12"
                    },
                 "type":"",
                 "visible":true,
                 "width":16,
                 "x":160,
                 "y":528
                }, 
                {
                 "height":32,
                 "name":"sausage",
                 "properties":
                    {
                     "image":"sausage",
                     "spritewidth":"12"
                    },
                 "type":"",
                 "visible":true,
                 "width":16,
                 "x":176,
                 "y":528
                }],
         "opacity":1,
         "type":"objectgroup",
         "visible":true,
         "width":16,
         "x":0,
         "y":0
        }],
 "orientation":"orthogonal",
 "properties":
    {

    },
 "tileheight":16,
 "tilesets":[
        {
         "firstgid":1,
         "image":"..\/images\/tiles.png",
         "imageheight":16,
         "imagewidth":64,
         "margin":0,
         "name":"tiles",
         "properties":
            {

            },
         "spacing":0,
         "tileheight":16,
         "tileproperties":
            {
             "0":
                {
                 "type":"solid"
                },
             "1":
                {
                 "type":"platform"
                },
             "2":
                {
                 "":""
                }
            },
         "tilewidth":16
        }],
 "tilewidth":16,
 "version":1,
 "width":16
}